{"cameraMode":{"drawMode":0,"name":"Shaded","section":"Shading Mode"},"sceneLighting":true,"audioPlay":false,"sceneViewState":{"showFog":false,"showMaterialUpdate":false,"showSkybox":false,"showFlares":false,"showImageEffects":false,"showParticleSystems":false},"in2DMode":false,"pivot":{"x":3.200000047683716,"y":0.6873300075531006,"z":7.434228897094727},"rotation":{"x":-0.42917579412460329,"y":0.13249853253364564,"z":-0.06380937993526459,"w":-0.8911691904067993},"size":5.787784576416016,"orthographic":false}